label_pred,contradiction,entailment,neutral
entailment,0.30887,0.45327,0.23786
entailment,0.32059,0.38571,0.29370
entailment,0.27260,0.49647,0.23093
entailment,0.30692,0.45679,0.23629
entailment,0.28234,0.49455,0.22312
entailment,0.28774,0.48883,0.22343
